Model,Train Accuracy,Test Accuracy,Overfit Gap
Random Forest,0.6248501025105412,0.558254680488937,0.06659542202160418
Gradient Boosting,0.5880236741325288,0.5563979576048275,0.0316257165277013
Logistic Regression,0.5631503616881358,0.5488163391613802,0.014334022526755641
KNN,0.581022010753936,0.4952808293362216,0.08574118141771442
